,AccelX,AccelY,AccelZ,GyroX,GyroY,GyroZ,Label,Sep
0,0.483,-0.153,0.86,-232.178,-32.349,49.988,0,0
1,0.549,-0.193,0.8,-297.119,-26.978,62.988,0,0
2,0.294,-0.001,0.023,124.207,-1.038,91.125,0,0
3,0.298,-0.061,0.019,117.004,0.854,85.999,0,0
4,0.301,-0.115,-0.0,108.765,8.362,78.979,0,0
5,0.318,-0.144,0.006,106.079,18.494,71.472,0,0
6,0.344,-0.17,0.037,104.858,29.846,65.125,0,0
7,0.353,-0.173,0.053,104.065,37.842,60.242,0,0
8,0.371,-0.189,0.066,103.027,41.87,58.96,0,0
9,0.465,-0.188,0.107,99.121,48.218,56.824,0,0
10,0.497,-0.193,0.118,89.966,59.692,55.298,0,0
11,0.503,-0.206,0.15,76.355,72.51,53.711,0,0
12,0.485,-0.232,0.185,64.392,78.918,53.711,0,0
13,0.489,-0.268,0.222,48.462,86.609,55.664,0,0
14,0.601,-0.347,0.266,34.973,93.933,53.65,0,0
15,0.618,-0.371,0.288,25.33,103.821,47.729,0,0
16,0.585,-0.394,0.344,17.578,113.708,41.138,0,0
17,0.563,-0.405,0.376,11.719,118.652,38.635,0,0
18,0.541,-0.417,0.405,-0.305,123.535,38.94,0,0
19,0.715,-0.418,0.466,-12.146,125.793,35.95,0,0
20,0.783,-0.426,0.495,-21.057,130.188,28.748,0,0
21,0.827,-0.414,0.514,-26.672,134.155,23.987,0,0
22,0.826,-0.432,0.605,-31.982,140.198,21.057,0,0
23,0.774,-0.447,0.653,-40.71,136.78,26.611,0,0
24,0.823,-0.516,0.786,-52.551,126.709,35.767,0,0
25,0.875,-0.53,0.845,-66.711,115.54,37.17,0,0
26,0.962,-0.519,0.871,-77.698,112.427,28.809,0,0
27,1.055,-0.531,0.886,-90.637,112.549,10.559,0,0
28,1.059,-0.542,0.893,-95.947,111.877,-6.165,0,0
29,1.009,-0.582,0.932,-95.764,107.056,-15.259,0,0
30,1.006,-0.584,0.957,-93.14,95.947,-21.179,0,0
31,0.993,-0.597,0.978,-93.506,85.876,-24.109,0,0
32,1.085,-0.51,1.025,-98.389,74.951,-37.415,0,0
33,1.103,-0.482,1.029,-106.995,69.763,-55.237,0,0
34,1.087,-0.46,1.036,-111.511,65.552,-75.989,0,0
35,1.042,-0.429,1.042,-110.291,61.951,-89.111,0,0
36,1.022,-0.382,1.051,-101.44,54.688,-111.023,0,0
37,0.961,-0.272,1.057,-93.079,43.701,-126.343,0,0
38,0.97,-0.192,1.058,-89.905,36.438,-137.451,0,0
39,0.934,-0.094,1.039,-94.299,31.982,-142.456,0,0
40,0.916,-0.072,1.041,-97.717,31.494,-143.25,0,0
41,0.887,-0.054,1.037,-102.356,33.752,-141.907,0,0
42,0.875,0.006,1.052,-100.22,39.49,-146.24,0,0
43,0.843,0.0,1.061,-89.05,41.443,-149.475,0,0
44,0.815,0.019,1.096,-78.247,37.659,-151.672,0,0
45,0.77,0.084,1.135,-65.857,26.306,-152.649,0,0
46,0.754,0.115,1.158,-55.908,10.376,-149.658,0,0
47,0.76,0.176,1.174,-49.438,-7.935,-143.616,0,0
48,0.782,0.209,1.173,-44.983,-25.208,-135.62,0,0
49,0.796,0.224,1.15,-42.419,-34.607,-128.54,0,0
50,0.79,0.23,1.101,-37.598,-47.485,-114.807,0,0
51,0.786,0.235,1.072,-31.86,-56.946,-102.539,0,0
52,0.741,0.228,0.999,-26.184,-65.002,-90.149,0,0
53,0.741,0.236,0.962,-21.973,-69.519,-82.031,0,0
54,0.747,0.234,0.928,-16.113,-72.632,-70.557,0,0
55,0.762,0.229,0.874,-8.545,-71.472,-59.204,0,0
56,0.762,0.223,0.855,-1.343,-68.787,-47.852,0,0
57,0.726,0.23,0.833,4.944,-67.139,-35.95,0,0
58,0.708,0.225,0.83,7.996,-66.772,-28.503,0,0
59,0.679,0.22,0.837,13.916,-68.909,-17.639,0,0
60,0.627,0.223,0.832,15.991,-74.646,-9.216,0,0
61,0.622,0.237,0.822,15.93,-79.956,-5.249,0,0
62,0.606,0.242,0.794,16.174,-85.632,-2.38,0,0
63,0.618,0.252,0.785,16.663,-89.233,-0.549,0,0
64,0.636,0.257,0.774,20.569,-92.041,0.916,0,0
65,0.661,0.275,0.744,25.574,-93.75,1.77,0,0
66,0.677,0.292,0.732,30.762,-95.52,2.563,0,0
67,0.699,0.318,0.722,33.569,-95.886,3.54,0,0
68,0.719,0.363,0.704,37.598,-97.29,6.531,0,0
69,0.72,0.363,0.681,40.527,-101.563,11.963,0,0
70,0.755,0.349,0.637,45.288,-104.675,17.883,0,0
71,0.777,0.34,0.604,51.453,-104.065,22.827,0,0
72,0.798,0.329,0.574,55.603,-100.83,26.55,0,0
73,0.795,0.28,0.506,61.218,-94.299,33.997,0,0
74,0.789,0.256,0.479,62.256,-88.501,41.748,0,0
75,0.794,0.197,0.421,59.021,-82.458,47.668,0,0
76,0.803,0.163,0.384,55.847,-77.515,49.5,0,0
77,0.812,0.117,0.352,52.917,-68.909,51.331,0,0
78,0.815,0.005,0.289,53.894,-60.73,51.636,0,0
79,0.817,-0.063,0.26,57.129,-51.88,50.72,0,0
80,0.822,-0.141,0.215,59.692,-41.382,44.983,0,0
81,0.817,-0.181,0.203,61.157,-34.363,39.795,0,0
82,0.8,-0.202,0.193,63.171,-26.001,29.48,0,0
83,0.764,-0.225,0.206,65.125,-21.912,18.86,0,0
84,0.746,-0.232,0.208,65.002,-22.827,10.864,0,0
85,0.744,-0.214,0.215,63.782,-24.231,5.188,0,0
86,0.748,-0.191,0.219,59.448,-26.794,-1.526,0,0
87,0.774,-0.171,0.218,54.932,-27.344,-7.629,0,0
88,0.798,-0.141,0.189,51.636,-25.635,-11.047,0,0
89,0.81,-0.115,0.176,48.157,-22.644,-12.634,0,0
90,0.826,-0.108,0.169,46.692,-19.653,-12.268,0,0
91,0.872,-0.071,0.147,42.786,-14.709,-10.132,0,0
92,0.889,-0.067,0.141,36.987,-9.155,-6.165,0,0
93,0.905,-0.052,0.135,30.212,-4.761,-2.319,0,0
94,0.913,-0.054,0.131,24.109,-1.709,1.709,0,0
95,0.912,-0.053,0.132,20.752,-0.793,3.723,0,0
96,0.92,-0.069,0.136,17.822,-0.061,6.226,0,0
97,0.922,-0.064,0.144,16.113,0.122,6.836,0,1
98,0.93,-0.067,0.143,13.611,0.183,6.897,0,0
99,0.938,-0.062,0.138,11.292,1.099,6.409,0,0
100,0.943,-0.062,0.136,6.714,2.38,6.531,0,0
101,0.799,0.592,0.206,-675.049,154.968,230.591,0,0
102,0.717,0.315,0.135,-742.432,161.56,244.141,0,0
103,0.611,-0.084,-0.101,-807.129,163.025,252.38,0,0
104,0.595,-0.249,-0.167,-825.989,168.274,251.16,0,0
105,0.528,-0.619,-0.198,-803.04,168.03,236.023,0,0
106,0.429,-0.969,-0.11,-740.845,151.306,212.524,0,0
107,0.305,-1.499,0.028,-526.367,79.773,126.404,0,0
108,-0.062,-2.462,0.236,-182.068,-46.692,9.399,0,0
109,-0.084,-2.459,0.145,200.867,-153.625,-96.375,0,0
110,0.165,-1.665,-0.292,494.141,-196.594,-140.808,0,0
111,0.375,-1.254,-0.382,615.173,-194.519,-156.067,0,0
112,0.541,-0.933,-0.375,694.946,-169.922,-174.988,0,0
113,0.698,-0.394,-0.136,683.044,-134.644,-187.073,0,0
114,0.661,-0.271,-0.021,629.456,-115.356,-195.496,0,0
115,0.592,-0.005,0.209,546.875,-99.67,-186.218,0,0
116,0.611,0.083,0.333,494.019,-86.792,-174.194,0,0
117,0.67,0.182,0.419,423.279,-61.462,-148.437,0,0
118,0.747,0.445,0.557,353.882,-36.987,-107.788,0,0
119,0.787,0.528,0.625,290.649,-20.996,-66.406,0,0
120,0.801,0.584,0.67,250.488,-14.282,-40.405,0,0
121,0.814,0.637,0.706,191.284,-5.493,-5.371,0,0
122,0.804,0.632,0.719,135.071,2.686,24.475,0,0
123,0.733,0.543,0.717,87.036,6.226,48.645,0,0
124,0.698,0.463,0.715,55.359,4.089,69.458,0,0
125,0.661,0.373,0.71,45.776,-0.671,78.918,0,0
126,0.631,0.15,0.675,50.049,-7.751,85.632,0,0
127,0.605,0.066,0.655,69.58,-13.062,85.022,0,0
128,0.572,-0.045,0.604,94.543,-15.747,81.055,0,0
129,0.549,-0.054,0.575,107.056,-15.93,78.125,0,0
130,0.53,-0.048,0.546,115.906,-15.32,73.486,0,0
131,0.514,-0.039,0.487,116.882,-12.817,70.435,0,0
132,0.491,-0.046,0.459,112.549,-8.728,68.237,0,0
133,0.498,-0.029,0.411,104.248,-1.831,65.857,0,0
134,0.494,-0.032,0.393,97.9,3.662,64.27,0,0
135,0.479,-0.028,0.381,89.417,10.986,62.195,0,0
136,0.463,-0.07,0.347,84.412,16.907,62.744,0,0
137,0.449,-0.094,0.336,82.397,22.095,65.247,0,0
138,0.44,-0.131,0.326,82.642,24.17,66.65,0,0
139,0.438,-0.21,0.318,84.106,26.978,65.125,0,0
140,0.429,-0.229,0.328,84.717,30.212,58.533,0,0
141,0.407,-0.258,0.379,81.848,33.752,49.377,0,0
142,0.412,-0.273,0.411,74.341,38.818,40.833,0,0
143,0.436,-0.297,0.434,67.688,42.297,37.903,0,0
144,0.493,-0.347,0.498,54.138,46.814,34.424,0,0
145,0.534,-0.38,0.522,40.039,51.575,32.227,0,0
146,0.576,-0.436,0.571,27.161,59.509,30.029,0,0
147,0.596,-0.473,0.593,13.062,68.542,26.978,0,0
148,0.653,-0.503,0.622,4.7,76.355,22.217,0,0
149,0.753,-0.534,0.676,-5.859,88.501,7.996,0,0
150,0.784,-0.522,0.711,-14.16,98.145,-10.681,0,0
151,0.823,-0.512,0.818,-20.081,100.22,-25.391,0,0
152,0.85,-0.506,0.864,-24.536,98.877,-30.579,0,0
153,0.87,-0.487,0.905,-34.363,91.736,-35.339,0,0
154,0.964,-0.455,0.976,-50.232,84.473,-40.466,0,0
155,1.026,-0.43,1.013,-67.078,78.735,-50.171,0,0
156,1.112,-0.421,1.083,-78.552,73.547,-61.523,0,0
157,1.132,-0.386,1.119,-84.167,67.871,-69.946,0,0
158,1.153,-0.354,1.136,-90.576,57.007,-83.313,0,0
159,1.194,-0.289,1.157,-92.834,44.617,-92.651,0,0
160,1.205,-0.252,1.142,-95.581,33.02,-98.328,0,0
161,1.21,-0.216,1.129,-98.572,26.794,-100.708,0,0
162,1.186,-0.108,1.086,-105.713,18.616,-105.408,0,0
163,1.191,-0.062,1.068,-110.718,14.343,-117.371,0,0
164,1.127,-0.029,1.037,-108.154,11.963,-125.732,0,0
165,1.093,0.01,1.018,-101.44,12.512,-130.371,0,0
166,1.027,0.034,0.994,-96.802,13.489,-131.409,0,0
167,0.866,0.07,0.946,-91.797,15.625,-131.531,0,0
168,0.779,0.085,0.933,-92.773,16.663,-130.92,0,0
169,0.659,0.091,0.926,-95.398,16.846,-135.864,0,0
170,0.622,0.085,0.938,-94.055,16.968,-141.479,0,0
171,0.588,0.059,0.944,-84.9,16.052,-148.376,0,0
172,0.577,0.062,0.956,-65.002,10.193,-160.828,0,0
173,0.577,0.074,0.95,-37.537,0.366,-171.57,0,0
174,0.622,0.256,0.962,-11.536,-3.479,-177.551,0,0
175,0.669,0.393,0.973,4.272,-6.653,-178.772,0,0
176,0.682,0.533,1.015,19.287,-17.029,-165.344,0,0
177,0.697,0.736,1.082,10.681,-34.241,-126.709,0,0
178,0.739,0.757,1.087,-13.184,-48.34,-82.397,0,0
179,0.763,0.742,1.096,-30.09,-53.406,-59.692,0,0
180,0.762,0.595,1.095,-43.64,-58.777,-36.316,0,0
181,0.74,0.512,1.094,-37.476,-65.979,-24.17,0,0
182,0.696,0.382,1.076,-16.663,-77.576,-19.897,0,0
183,0.718,0.358,1.064,6.836,-89.172,-17.944,0,0
184,0.738,0.357,1.046,18.982,-95.52,-15.442,0,0
185,0.738,0.391,1.008,27.039,-102.905,-9.521,0,0
186,0.733,0.388,0.988,27.832,-104.309,-0.427,0,0
187,0.713,0.373,0.95,26.001,-100.83,8.423,0,0
188,0.69,0.348,0.926,25.513,-94.727,17.822,0,0
189,0.668,0.343,0.896,25.574,-89.661,22.827,0,0
190,0.672,0.295,0.827,29.114,-80.078,28.564,0,0
191,0.648,0.285,0.801,33.936,-70.007,30.762,0,0
192,0.586,0.281,0.759,38.452,-61.218,30.823,0,0
193,0.555,0.281,0.745,40.405,-57.007,30.945,0,0
194,0.531,0.295,0.731,39.49,-57.068,31.677,0,0
195,0.511,0.287,0.681,35.339,-62.439,32.898,0,0
196,0.515,0.283,0.653,33.569,-68.237,33.447,0,1
197,0.529,0.233,0.605,38.635,-73.059,32.532,0,0
198,0.551,0.216,0.583,45.959,-76.294,31.433,0,0
199,0.573,0.196,0.556,61.279,-78.674,30.151,0,0
200,0.6,0.189,0.487,73.853,-79.712,30.334,0,0
201,1.156,0.43,0.215,-227.112,107.239,46.326,0,0
202,1.157,0.44,0.202,-302.979,141.663,74.829,0,0
203,1.135,0.41,0.179,-420.898,202.698,124.939,0,0
204,1.058,0.316,0.149,-529.724,263.672,166.443,0,0
205,0.836,0.086,0.09,-627.502,311.157,190.247,0,0
206,0.764,-0.029,0.032,-686.523,336.548,194.641,0,0
207,0.641,-0.15,-0.031,-754.211,340.698,184.448,0,0
208,0.6,-0.606,-0.007,-753.723,330.872,152.71,0,0
209,0.531,-0.816,0.064,-694.946,302.124,106.262,0,0
210,0.215,-1.478,0.444,-544.556,220.642,43.945,0,0
211,-0.007,-1.995,0.666,-367.065,124.817,-0.671,0,0
212,-0.133,-2.256,0.779,-23.437,-48.462,-54.016,0,0
213,0.168,-1.72,0.544,303.772,-175.903,-81.36,0,0
214,0.43,-1.271,0.314,517.212,-213.989,-91.187,0,0
215,0.609,-0.957,0.151,597.595,-212.341,-99.854,0,0
216,0.687,-0.417,0.041,640.198,-205.688,-111.694,0,0
217,0.659,-0.268,0.043,618.286,-199.097,-108.398,0,0
218,0.66,0.015,0.078,544.739,-188.599,-87.585,0,0
219,0.714,0.127,0.16,439.514,-167.297,-58.411,0,0
220,0.785,0.229,0.251,362.793,-147.339,-42.236,0,0
221,0.887,0.284,0.391,252.808,-109.558,-27.527,0,0
222,0.91,0.271,0.454,164.001,-64.27,-21.973,0,0
223,0.886,0.191,0.548,108.826,-23.682,-19.775,0,0
224,0.831,0.135,0.596,92.041,-3.845,-16.052,0,0
225,0.782,0.086,0.624,88.562,15.137,-6.897,0,0
226,0.688,0.084,0.676,94.421,18.311,10.01,0,0
227,0.656,0.081,0.684,105.652,2.014,24.841,0,0
228,0.655,0.107,0.678,114.502,-23.071,32.959,0,0
229,0.663,0.126,0.652,117.31,-37.659,33.691,0,0
230,0.674,0.146,0.606,119.507,-49.622,31.555,0,0
231,0.697,0.128,0.513,126.16,-49.988,28.931,0,0
232,0.719,0.119,0.477,139.954,-42.419,28.137,0,0
233,0.724,0.106,0.438,153.198,-32.104,32.104,0,0
234,0.708,0.103,0.425,160.034,-25.94,36.804,0,0
235,0.681,0.114,0.428,163.147,-18.127,44.556,0,0
236,0.626,0.107,0.43,158.325,-12.512,51.208,0,0
237,0.606,0.092,0.439,150.757,-9.399,55.42,0,0
238,0.583,0.053,0.447,147.095,-7.69,56.458,0,0
239,0.545,-0.023,0.435,142.883,-4.456,57.495,0,0
240,0.541,-0.059,0.419,138.245,1.282,59.937,0,0
241,0.514,-0.139,0.407,131.836,7.751,64.575,0,0
242,0.516,-0.183,0.402,121.521,14.709,67.078,0,0
243,0.526,-0.219,0.413,113.098,18.555,65.918,0,0
244,0.503,-0.261,0.421,95.276,24.78,58.838,0,0
245,0.49,-0.276,0.427,76.355,31.067,47.852,0,0
246,0.472,-0.303,0.435,61.157,38.452,35.645,0,0
247,0.466,-0.321,0.439,54.993,43.701,27.344,0,0
248,0.47,-0.324,0.437,51.331,51.514,20.813,0,0
249,0.619,-0.32,0.426,46.875,62.927,21.179,0,0
250,0.671,-0.316,0.43,37.659,83.252,25.085,0,0
251,0.695,-0.38,0.507,21.667,103.699,34.363,0,0
252,0.685,-0.421,0.584,8.179,115.662,39.795,0,0
253,0.667,-0.47,0.661,-15.869,125.977,43.152,0,0
254,0.763,-0.62,0.827,-36.804,126.77,37.842,0,0
255,0.807,-0.697,0.897,-49.805,123.169,24.902,0,0
256,0.855,-0.745,0.949,-55.237,119.934,12.573,0,0
257,0.906,-0.81,1.012,-59.265,115.723,-10.437,0,0
258,0.952,-0.778,1.039,-62.561,109.009,-40.955,0,0
259,1.018,-0.678,1.073,-65.002,97.229,-71.899,0,0
260,1.063,-0.589,1.1,-67.932,82.886,-92.041,0,0
261,1.108,-0.502,1.102,-72.632,73.792,-98.389,0,0
262,1.165,-0.354,1.094,-83.252,60.913,-101.807,0,0
263,1.163,-0.313,1.08,-98.206,50.049,-101.44,0,0
264,1.152,-0.28,1.042,-109.314,44.067,-100.769,0,0
265,1.16,-0.247,1.04,-113.708,38.391,-111.145,0,0
266,1.134,-0.249,1.04,-110.474,32.959,-120.178,0,0
267,1.085,-0.191,1.033,-102.417,27.161,-133.057,0,0
268,1.043,-0.147,1.018,-95.398,23.56,-142.822,0,0
269,0.972,0.01,0.977,-95.337,24.719,-152.649,0,0
270,0.932,0.079,0.954,-99.365,29.419,-156.311,0,0
271,0.896,0.178,0.935,-106.506,39.063,-164.429,0,0
272,0.759,0.27,0.925,-104.431,46.387,-174.438,0,0
273,0.669,0.24,0.934,-85.205,45.41,-175.354,0,0
274,0.534,0.184,0.967,-63.538,37.537,-166.992,0,0
275,0.545,0.149,0.986,-50.903,27.039,-164.307,0,0
276,0.563,0.135,0.99,-36.194,7.263,-170.349,0,0
277,0.651,0.182,1.0,-29.114,-4.028,-176.636,0,0
278,0.726,0.204,1.021,-23.01,-9.583,-172.729,0,0
279,0.772,0.236,1.042,-18.555,-13.916,-163.818,0,0
280,0.796,0.336,1.107,-14.16,-20.447,-141.418,0,0
281,0.775,0.381,1.132,-11.23,-29.846,-112.732,0,0
282,0.715,0.481,1.166,-16.907,-46.265,-86.365,0,0
283,0.692,0.509,1.183,-27.832,-65.979,-67.627,0,0
284,0.687,0.51,1.179,-30.579,-78.247,-60.364,0,0
285,0.696,0.482,1.165,-23.193,-95.215,-50.537,0,0
286,0.714,0.469,1.137,-4.7,-108.704,-38.391,0,0
287,0.794,0.492,1.08,12.085,-113.953,-24.963,0,0
288,0.78,0.517,1.046,17.639,-115.54,-16.541,0,0
289,0.779,0.529,1.017,20.081,-115.662,-3.906,0,0
290,0.763,0.489,0.949,21.667,-116.577,9.521,0,0
291,0.757,0.448,0.911,24.414,-116.699,22.705,0,0
292,0.721,0.367,0.824,26.123,-112.793,32.227,0,0
293,0.7,0.335,0.784,26.978,-108.032,36.316,0,0
294,0.682,0.298,0.752,29.724,-98.816,38.818,0,0
295,0.65,0.229,0.65,33.691,-89.478,40.222,0,1
296,0.644,0.214,0.603,36.804,-77.271,38.33,0,0
297,0.638,0.19,0.514,39.307,-64.209,36.804,0,0
298,0.625,0.193,0.481,39.917,-55.664,35.339,0,0
299,0.605,0.191,0.462,39.49,-44.556,31.86,0,0
300,0.573,0.178,0.456,39.795,-40.161,26.978,0,0
301,0.504,-0.541,0.38,-580.627,116.638,208.313,0,0
302,0.529,-0.71,0.408,-489.197,71.289,163.269,0,0
303,0.533,-0.828,0.442,-398.071,39.307,120.911,0,0
304,0.398,-1.438,0.453,-179.626,-27.527,48.401,0,0
305,0.439,-1.417,0.43,56.213,-78.674,-16.174,0,0
306,0.571,-1.038,0.291,247.925,-108.887,-61.035,0,0
307,0.642,-0.782,0.217,376.16,-117.859,-94.238,0,0
308,0.666,-0.578,0.176,426.453,-120.117,-108.276,0,0
309,0.626,-0.251,0.117,463.928,-125.061,-117.126,0,0
310,0.624,-0.153,0.103,472.412,-125.244,-113.708,0,0
311,0.716,0.093,0.092,450.745,-112.122,-96.863,0,0
312,0.782,0.223,0.109,418.64,-97.168,-82.764,0,0
313,0.827,0.321,0.137,353.76,-69.946,-62.805,0,0
314,0.848,0.435,0.22,283.325,-41.321,-44.861,0,0
315,0.837,0.447,0.254,217.773,-13.062,-23.682,0,0
316,0.771,0.403,0.325,164.612,12.39,2.869,0,0
317,0.733,0.35,0.347,139.404,24.841,21.484,0,0
318,0.695,0.288,0.364,113.77,35.889,47.729,0,0
319,0.646,0.144,0.396,101.135,39.978,65.979,0,0
320,0.636,0.042,0.396,105.957,36.011,73.181,0,0
321,0.632,-0.066,0.393,115.845,32.593,73.364,0,0
322,0.59,-0.212,0.374,132.568,26.428,69.946,0,0
323,0.582,-0.265,0.363,146.362,22.949,65.613,0,0
324,0.584,-0.31,0.348,147.766,25.879,62.622,0,0
325,0.588,-0.336,0.346,138.184,33.752,58.716,0,0
326,0.589,-0.359,0.349,126.465,40.039,54.993,0,0
327,0.59,-0.364,0.362,102.234,47.363,45.471,0,0
328,0.612,-0.38,0.367,77.087,52.979,30.823,0,0
329,0.662,-0.405,0.373,58.228,58.594,14.099,0,0
330,0.678,-0.425,0.37,47.729,65.125,1.648,0,0
331,0.697,-0.411,0.373,43.457,69.885,-5.066,0,0
332,0.71,-0.364,0.411,40.222,75.439,-14.404,0,0
333,0.74,-0.319,0.438,36.987,77.576,-21.912,0,0
334,0.77,-0.222,0.489,29.419,75.378,-26.672,0,0
335,0.8,-0.189,0.52,22.4,72.937,-27.1,0,0
336,0.836,-0.163,0.53,7.874,71.594,-22.888,0,0
337,0.939,-0.158,0.569,-7.996,76.904,-15.198,0,0
338,0.977,-0.15,0.591,-23.56,86.487,-9.705,0,0
339,1.006,-0.177,0.687,-35.217,95.276,-6.47,0,0
340,1.009,-0.195,0.741,-39.978,97.717,-7.935,0,0
341,0.996,-0.219,0.786,-46.204,92.529,-10.681,0,0
342,1.034,-0.245,0.861,-56.03,84.778,-12.024,0,0
343,1.061,-0.242,0.885,-71.777,80.933,-12.695,0,0
344,1.077,-0.256,0.891,-84.29,79.346,-13.916,0,0
345,1.055,-0.296,0.88,-100.037,77.332,-20.63,0,0
346,1.022,-0.307,0.887,-106.934,72.205,-39.917,0,0
347,0.972,-0.34,0.935,-94.482,60.425,-72.693,0,0
348,0.992,-0.286,0.967,-67.749,49.683,-109.619,0,0
349,1.025,-0.215,1.001,-49.744,43.64,-130.615,0,0
350,1.006,0.032,1.017,-33.203,31.799,-149.17,0,0
351,0.997,0.144,1.029,-31.921,18.616,-147.4,0,0
352,0.98,0.297,1.014,-43.152,5.859,-130.737,0,0
353,0.98,0.31,0.997,-53.711,-0.488,-115.356,0,0
354,0.979,0.287,0.972,-70.007,-3.845,-93.567,0,0
355,0.952,0.163,0.906,-81.604,-1.038,-79.651,0,0
356,0.932,0.095,0.893,-82.336,5.31,-78.369,0,0
357,0.846,0.007,0.884,-70.862,8.667,-86.792,0,0
358,0.795,0.01,0.894,-61.218,5.432,-96.863,0,0
359,0.745,0.015,0.894,-50.232,-7.263,-108.276,0,0
360,0.738,0.069,0.866,-47.852,-17.029,-111.145,0,0
361,0.755,0.083,0.863,-51.636,-17.578,-107.483,0,0
362,0.781,0.136,0.876,-57.434,-15.259,-106.506,0,0
363,0.778,0.137,0.896,-57.19,-15.442,-106.812,0,0
364,0.775,0.148,0.914,-49.988,-19.775,-107.605,0,0
365,0.759,0.204,0.949,-40.588,-28.748,-106.323,0,0
366,0.751,0.24,0.961,-34.18,-41.321,-102.112,0,0
367,0.753,0.266,0.968,-31.738,-48.645,-96.558,0,0
368,0.781,0.338,0.967,-31.616,-57.068,-86.914,0,0
369,0.798,0.366,0.96,-31.677,-62.805,-77.026,0,0
370,0.834,0.41,0.949,-28.87,-65.918,-67.749,0,0
371,0.85,0.447,0.943,-24.17,-70.007,-60.974,0,0
372,0.849,0.456,0.946,-19.653,-75.684,-53.772,0,0
373,0.864,0.5,0.956,-11.475,-82.52,-44.434,0,0
374,0.862,0.517,0.956,-2.686,-89.844,-37.17,0,0
375,0.842,0.543,0.951,6.042,-99.304,-29.053,0,0
376,0.839,0.554,0.936,11.047,-105.164,-22.217,0,0
377,0.839,0.556,0.907,16.785,-111.633,-11.169,0,0
378,0.829,0.543,0.856,20.752,-114.624,-0.488,0,0
379,0.821,0.536,0.838,23.071,-113.647,6.775,0,0
380,0.797,0.52,0.806,25.574,-112.244,11.658,0,0
381,0.787,0.508,0.781,27.222,-112.122,15.808,0,0
382,0.784,0.502,0.745,28.992,-111.877,23.315,0,0
383,0.794,0.481,0.693,27.71,-108.643,31.189,0,0
384,0.791,0.468,0.66,25.024,-103.882,40.161,0,0
385,0.777,0.448,0.628,22.461,-100.586,46.631,0,0
386,0.744,0.367,0.574,20.691,-95.764,54.504,0,0
387,0.737,0.325,0.54,22.095,-92.163,58.411,0,0
388,0.709,0.231,0.484,27.954,-89.294,58.838,0,0
389,0.695,0.192,0.453,36.743,-86.67,58.411,0,0
390,0.683,0.159,0.417,41.992,-84.595,57.556,0,0
391,0.665,0.103,0.346,49.622,-80.872,56.335,0,0
392,0.651,0.078,0.317,54.688,-76.538,54.871,0,0
393,0.642,0.039,0.254,57.312,-72.571,52.002,0,0
394,0.635,0.02,0.22,57.312,-69.763,50.476,0,1
395,0.639,0.009,0.198,55.603,-64.758,46.082,0,0
396,0.642,-0.03,0.152,53.772,-61.218,41.016,0,0
397,0.64,-0.052,0.126,52.429,-58.35,35.4,0,0
398,0.673,-0.093,0.098,52.551,-53.467,29.297,0,0
399,0.688,-0.095,0.085,52.979,-49.316,23.987,0,0
400,0.706,-0.106,0.075,54.138,-41.687,16.113,0,0
401,1.164,0.677,0.203,-360.352,194.885,-25.024,0,0
402,0.943,0.627,0.36,-468.75,214.111,27.71,0,0
403,0.841,0.523,0.475,-535.95,193.359,73.486,0,0
404,0.656,0.182,0.623,-570.862,137.634,98.145,0,0
405,0.652,-0.03,0.719,-561.89,90.82,101.807,0,0
406,0.719,-0.178,0.784,-519.226,25.024,100.83,0,0
407,0.814,-0.405,0.822,-444.031,-26.062,96.985,0,0
408,0.855,-0.485,0.821,-341.98,-60.791,94.421,0,0
409,0.86,-0.55,0.782,-237.061,-85.571,91.919,0,0
410,0.837,-0.559,0.729,-173.279,-99.426,86.975,0,0
411,0.819,-0.567,0.667,-89.905,-116.211,76.355,0,0
412,0.826,-0.539,0.542,-26.55,-128.662,64.026,0,0
413,0.838,-0.447,0.481,-2.136,-130.371,54.749,0,0
414,0.839,-0.382,0.424,-0.549,-125.671,49.561,0,0
415,0.855,-0.304,0.319,-10.681,-109.863,44.678,0,0
416,0.837,-0.302,0.275,-22.888,-88.501,43.518,0,0
417,0.774,-0.335,0.223,-25.574,-65.918,44.434,0,0
418,0.716,-0.358,0.206,-16.052,-46.631,46.753,0,0
419,0.64,-0.399,0.193,2.869,-42.175,46.326,0,0
420,0.442,-0.623,0.172,64.087,-62.622,36.926,0,0
421,0.391,-0.78,0.13,169.617,-103.333,12.39,0,0
422,0.416,-0.833,0.019,288.452,-135.498,-16.479,0,0
423,0.455,-0.756,-0.056,385.925,-148.621,-38.635,0,0
424,0.48,-0.66,-0.112,432.373,-146.851,-48.096,0,0
425,0.495,-0.475,-0.165,475.769,-134.583,-55.908,0,0
426,0.496,-0.379,-0.179,483.093,-118.347,-58.716,0,0
427,0.562,-0.238,-0.156,462.952,-99.121,-58.167,0,0
428,0.603,-0.174,-0.133,438.354,-84.9,-57.129,0,0
429,0.631,-0.112,-0.104,389.709,-60.547,-53.772,0,0
430,0.629,-0.107,-0.046,344.91,-36.987,-48.523,0,0
431,0.617,-0.123,-0.017,309.631,-14.771,-42.297,0,0
432,0.635,-0.136,0.019,276.733,9.094,-34.18,0,0
433,0.68,-0.155,0.049,256.897,28.442,-27.527,0,0
434,0.7,-0.157,0.094,222.961,56.824,-14.404,0,0
435,0.709,-0.193,0.216,187.073,80.383,-2.075,0,0
436,0.684,-0.225,0.275,155.884,93.628,5.92,0,0
437,0.657,-0.277,0.328,140.503,96.008,9.888,0,0
438,0.662,-0.362,0.406,123.535,94.666,14.343,0,0
439,0.73,-0.383,0.443,106.812,99.365,15.564,0,0
440,0.824,-0.405,0.522,88.379,108.643,8.972,0,0
441,0.872,-0.406,0.571,69.458,117.92,-1.892,0,0
442,0.886,-0.414,0.617,57.8,121.338,-8.118,0,0
443,0.879,-0.421,0.678,41.687,121.338,-13.916,0,0
444,0.87,-0.441,0.692,30.09,113.647,-16.418,0,0
445,0.925,-0.422,0.724,18.799,106.323,-18.921,0,0
446,0.949,-0.387,0.746,8.789,104.614,-21.057,0,0
447,0.972,-0.346,0.773,-10.681,104.37,-25.33,0,0
448,0.98,-0.335,0.832,-26.794,99.609,-26.733,0,0
449,0.979,-0.33,0.844,-39.124,88.623,-28.748,0,0
450,0.965,-0.361,0.849,-44.739,75.989,-32.043,0,0
451,0.977,-0.371,0.853,-45.227,68.237,-35.645,0,0
452,0.986,-0.36,0.854,-46.631,61.523,-44.495,0,0
453,0.999,-0.305,0.863,-50.476,59.875,-56.885,0,0
454,0.969,-0.274,0.87,-55.237,55.298,-68.726,0,0
455,0.927,-0.245,0.895,-57.8,48.096,-75.623,0,0
456,0.913,-0.221,0.905,-59.753,43.701,-78.979,0,0
457,0.909,-0.183,0.906,-63.721,39.978,-86.548,0,0
458,0.917,-0.09,0.905,-67.932,39.429,-100.22,0,0
459,0.897,-0.033,0.912,-66.65,36.194,-115.051,0,0
460,0.893,0.021,0.92,-62.012,31.738,-121.765,0,0
461,0.856,0.11,0.93,-53.894,23.621,-123.352,0,0
462,0.84,0.155,0.916,-53.711,18.677,-116.211,0,0
463,0.79,0.203,0.888,-65.186,19.653,-103.088,0,0
464,0.757,0.201,0.874,-82.458,24.17,-90.942,0,0
465,0.733,0.176,0.87,-90.82,28.748,-85.938,0,0
466,0.715,0.166,0.892,-93.201,33.386,-89.111,0,0
467,0.7,0.145,0.914,-79.651,32.654,-92.957,0,0
468,0.669,0.176,0.918,-62.012,26.062,-88.562,0,0
469,0.674,0.174,0.92,-53.284,20.63,-82.214,0,0
470,0.679,0.177,0.917,-49.683,16.296,-73.853,0,0
471,0.692,0.13,0.942,-54.565,20.081,-70.007,0,0
472,0.692,0.127,0.983,-59.692,24.963,-76.721,0,0
473,0.656,0.084,1.055,-53.833,19.409,-88.318,0,0
474,0.649,0.093,1.07,-43.884,8.972,-94.971,0,0
475,0.655,0.119,1.064,-26.978,-10.986,-99.854,0,0
476,0.718,0.236,1.05,-15.137,-27.893,-99.731,0,0
477,0.767,0.299,1.035,-8.301,-38.818,-97.046,0,0
478,0.804,0.362,1.024,-5.981,-44.128,-92.346,0,0
479,0.836,0.429,1.011,-7.446,-51.392,-75.928,0,0
480,0.854,0.461,1.012,-16.235,-56.58,-52.551,0,0
481,0.877,0.45,1.003,-27.71,-59.631,-28.748,0,0
482,0.88,0.43,0.996,-33.142,-64.453,-15.686,0,0
483,0.887,0.391,0.994,-28.931,-70.19,-12.329,0,0
484,0.903,0.305,1.002,-12.451,-79.529,-8.362,0,0
485,0.899,0.297,0.994,4.333,-88.013,-5.371,0,0
486,0.914,0.33,0.982,13.672,-96.13,-5.31,0,0
487,0.907,0.333,0.978,21.301,-104.675,-1.282,0,0
488,0.91,0.341,0.962,24.475,-108.276,4.822,0,0
489,0.893,0.362,0.912,24.902,-110.718,14.404,0,0
490,0.883,0.34,0.893,24.658,-109.253,23.682,0,0
491,0.832,0.28,0.83,26.55,-105.835,30.762,0,0
492,0.807,0.247,0.8,29.419,-101.746,33.569,0,0
493,0.784,0.21,0.765,35.034,-94.543,35.95,0,1
494,0.735,0.142,0.67,41.26,-85.388,35.767,0,0
495,0.716,0.129,0.623,46.082,-73.242,31.189,0,0
496,0.683,0.119,0.57,50.476,-58.411,24.963,0,0
497,0.644,0.133,0.546,52.185,-50.659,22.644,0,0
498,0.616,0.144,0.543,48.828,-45.959,20.569,0,0
499,0.584,0.152,0.536,40.283,-50.415,18.616,0,0
500,0.575,0.134,0.521,33.386,-57.617,13.855,0,0
501,0.931,0.889,0.505,-330.139,92.712,6.958,0,0
502,0.906,0.906,0.53,-396.423,73.975,60.608,0,0
503,0.913,0.83,0.541,-428.833,63.416,85.205,0,0
504,0.872,0.562,0.59,-441.772,52.429,102.539,0,0
505,0.82,0.347,0.639,-397.949,35.645,109.558,0,0
506,0.67,0.032,0.786,-313.965,4.456,118.774,0,0
507,0.607,-0.049,0.828,-249.084,-21.179,124.268,0,0
508,0.589,-0.139,0.842,-141.418,-63.416,127.563,0,0
509,0.588,-0.278,0.77,-34.18,-106.14,120.667,0,0
510,0.617,-0.258,0.711,46.021,-127.686,107.605,0,0
511,0.612,-0.188,0.546,84.961,-129.517,99.792,0,0
512,0.594,-0.159,0.493,92.224,-122.986,98.816,0,0
513,0.554,-0.173,0.455,91.98,-112.427,100.769,0,0
514,0.424,-0.339,0.367,102.478,-109.741,101.196,0,0
515,0.375,-0.452,0.322,137.512,-117.31,96.863,0,0
516,0.355,-0.547,0.298,172.546,-124.817,89.233,0,0
517,0.379,-0.605,0.202,226.135,-132.874,72.266,0,0
518,0.423,-0.578,0.15,264.099,-127.991,54.81,0,0
519,0.53,-0.499,0.083,284.729,-113.22,40.405,0,0
520,0.551,-0.488,0.063,292.908,-92.102,28.931,0,0
521,0.569,-0.449,0.054,291.077,-76.66,23.254,0,0
522,0.522,-0.437,0.054,281.311,-59.326,16.724,0,0
523,0.533,-0.442,0.093,262.756,-41.565,17.883,0,0
524,0.528,-0.48,0.155,239.99,-23.865,20.691,0,0
525,0.526,-0.497,0.178,213.074,-5.798,20.325,0,0
526,0.539,-0.523,0.204,197.632,4.761,16.479,0,0
527,0.539,-0.581,0.248,178.162,17.7,7.019,0,0
528,0.536,-0.6,0.274,160.767,28.015,-5.493,0,0
529,0.603,-0.615,0.341,145.386,40.833,-20.447,0,0
530,0.617,-0.612,0.364,134.949,50.537,-30.579,0,0
531,0.631,-0.604,0.396,114.807,61.829,-39.856,0,0
532,0.676,-0.578,0.454,87.891,72.754,-40.71,0,0
533,0.699,-0.585,0.473,59.631,83.252,-35.095,0,0
534,0.763,-0.641,0.495,32.959,95.215,-28.87,0,0
535,0.781,-0.662,0.499,17.639,104.126,-27.283,0,0
536,0.815,-0.658,0.52,-3.967,115.662,-33.264,0,0
537,0.923,-0.665,0.605,-22.705,125.549,-46.875,0,0
538,0.975,-0.648,0.649,-34.18,130.92,-66.589,0,0
539,0.998,-0.628,0.68,-36.194,129.456,-80.261,0,0
540,1.028,-0.533,0.761,-33.386,121.094,-98.816,0,0
541,1.076,-0.454,0.796,-30.884,107.056,-111.755,0,0
542,1.183,-0.303,0.888,-33.691,94.543,-113.953,0,0
543,1.199,-0.237,0.907,-48.584,85.571,-107.3,0,0
544,1.221,-0.176,0.933,-62.744,83.801,-104.431,0,0
545,1.209,-0.133,0.968,-83.618,80.75,-103.821,0,0
546,1.204,-0.136,0.987,-92.041,75.073,-108.521,0,0
547,1.147,-0.134,1.031,-89.111,63.354,-114.38,0,0
548,1.155,-0.048,1.048,-85.083,54.626,-122.314,0,0
549,1.125,0.0,1.051,-79.59,40.894,-131.348,0,0
550,1.047,0.098,1.037,-75.989,28.687,-132.446,0,0
551,1.026,0.128,1.018,-78.735,23.56,-122.62,0,0
552,0.962,0.15,0.959,-85.144,26.855,-109.802,0,0
553,0.919,0.124,0.933,-86.243,31.677,-102.844,0,0
554,0.885,0.127,0.927,-81.909,41.809,-100.098,0,0
555,0.836,0.177,0.969,-73.792,46.692,-106.567,0,0
556,0.794,0.198,1.001,-61.218,41.016,-113.342,0,0
557,0.746,0.206,1.027,-52.795,29.724,-114.075,0,0
558,0.708,0.253,1.101,-44.25,7.263,-110.413,0,0
559,0.724,0.268,1.123,-39.673,-14.038,-102.722,0,0
560,0.79,0.304,1.122,-37.781,-29.663,-94.666,0,0
561,0.819,0.307,1.112,-35.706,-41.565,-86.243,0,0
562,0.838,0.304,1.102,-32.349,-49.011,-80.322,0,0
563,0.825,0.302,1.066,-27.283,-60.547,-70.862,0,0
564,0.823,0.304,1.05,-22.278,-69.519,-62.988,0,0
565,0.809,0.331,1.014,-18.127,-76.721,-56.152,0,0
566,0.794,0.336,1.001,-13.977,-82.214,-45.959,0,0
567,0.785,0.358,0.986,-10.925,-85.083,-40.039,0,0
568,0.761,0.375,0.964,-5.981,-90.149,-30.884,0,0
569,0.748,0.37,0.95,1.343,-94.91,-22.644,0,0
570,0.693,0.386,0.909,9.216,-97.961,-18.066,0,0
571,0.678,0.39,0.889,13.489,-99.304,-15.137,0,0
572,0.665,0.391,0.873,18.738,-101.135,-10.01,0,0
573,0.659,0.397,0.817,20.508,-101.746,-4.089,0,0
574,0.659,0.401,0.787,19.531,-98.389,3.662,0,0
575,0.622,0.377,0.729,18.25,-93.689,12.207,0,0
576,0.605,0.359,0.698,18.066,-90.515,17.822,0,0
577,0.589,0.339,0.67,17.273,-88.684,24.963,0,0
578,0.603,0.285,0.638,17.273,-88.562,28.32,0,0
579,0.613,0.258,0.611,20.02,-87.585,28.992,0,0
580,0.623,0.227,0.578,23.132,-85.754,28.748,0,0
581,0.636,0.189,0.51,27.466,-82.031,26.855,0,0
582,0.644,0.161,0.481,32.532,-77.454,24.597,0,0
583,0.665,0.15,0.426,37.231,-71.899,21.179,0,0
584,0.67,0.142,0.403,42.114,-65.308,19.165,0,0
585,0.669,0.139,0.376,43.64,-62.195,19.592,0,0
586,0.671,0.138,0.349,44.006,-59.387,20.874,0,0
587,0.68,0.137,0.342,42.908,-58.105,23.499,0,0
588,0.694,0.108,0.312,43.152,-56.824,26.184,0,0
589,0.705,0.089,0.296,44.8,-54.81,26.55,0,0
590,0.718,0.063,0.284,49.011,-49.988,26.001,0,0
591,0.745,0.049,0.259,52.673,-44.25,23.926,0,0
592,0.755,0.044,0.252,52.856,-37.842,22.705,0,1
593,0.768,0.034,0.242,50.476,-31.311,22.827,0,0
594,0.769,0.026,0.238,48.157,-27.527,23.743,0,0
595,0.77,0.015,0.24,43.213,-24.17,24.78,0,0
596,0.789,-0.012,0.236,37.537,-21.79,24.78,0,0
597,0.803,-0.018,0.234,32.776,-19.958,22.278,0,0
598,0.823,-0.051,0.228,31.311,-17.822,19.47,0,0
599,0.837,-0.056,0.227,32.043,-16.724,17.273,0,0
600,0.844,-0.063,0.225,34.668,-16.357,14.587,0,0
601,0.731,0.467,0.229,-624.329,211.182,179.626,0,0
602,0.574,0.208,0.241,-632.141,186.279,190.491,0,0
603,0.466,-0.078,0.306,-600.83,127.441,183.289,0,0
604,0.499,-0.611,0.55,-500.488,54.81,149.963,0,0
605,0.535,-0.842,0.648,-328.491,-18.433,97.168,0,0
606,0.562,-1.355,0.688,-62.073,-91.858,35.4,0,0
607,0.621,-1.263,0.571,116.638,-125.183,2.625,0,0
608,0.705,-0.955,0.437,318.604,-143.433,-34.18,0,0
609,0.763,-0.482,0.174,438.782,-139.099,-57.068,0,0
610,0.743,-0.27,0.1,475.525,-130.066,-66.406,0,0
611,0.719,0.031,0.065,453.979,-121.155,-62.927,0,0
612,0.722,0.102,0.058,421.021,-111.206,-52.673,0,0
613,0.738,0.149,0.066,355.103,-85.632,-28.503,0,0
614,0.764,0.188,0.113,282.593,-50.781,-0.244,0,0
615,0.768,0.17,0.148,214.478,-10.986,27.161,0,0
616,0.742,0.122,0.179,177.673,14.282,43.823,0,0
617,0.632,-0.015,0.263,139.16,41.931,64.026,0,0
618,0.58,-0.104,0.309,122.314,51.514,75.012,0,0
619,0.533,-0.244,0.334,121.887,49.744,77.942,0,0
620,0.531,-0.297,0.333,133.118,43.091,72.876,0,0
621,0.545,-0.332,0.329,143.311,39.795,66.406,0,0
622,0.55,-0.339,0.303,155.701,39.246,56.519,0,0
623,0.556,-0.313,0.28,161.987,42.419,46.814,0,0
624,0.609,-0.3,0.255,163.269,49.255,39.001,0,0
625,0.635,-0.288,0.25,162.415,55.176,35.645,0,0
626,0.657,-0.284,0.26,154.846,66.406,33.752,0,0
627,0.675,-0.269,0.316,138.367,79.956,33.264,0,0
628,0.669,-0.286,0.363,118.286,92.224,32.959,0,0
629,0.672,-0.36,0.467,100.769,98.328,32.959,0,0
630,0.671,-0.404,0.499,93.201,98.572,33.203,0,0
631,0.668,-0.449,0.529,85.876,93.262,32.532,0,0
632,0.713,-0.521,0.575,79.59,89.233,33.325,0,0
633,0.731,-0.545,0.598,68.115,85.632,32.166,0,0
634,0.748,-0.556,0.616,56.641,85.632,29.663,0,0
635,0.798,-0.57,0.652,38.025,88.318,20.264,0,0
636,0.815,-0.585,0.673,21.423,91.003,2.625,0,0
637,0.844,-0.599,0.73,8.911,91.248,-17.456,0,0
638,0.848,-0.595,0.75,1.038,89.294,-33.569,0,0
639,0.839,-0.57,0.762,-4.028,87.158,-42.236,0,0
640,0.862,-0.51,0.787,-9.155,82.703,-56.213,0,0
641,0.88,-0.477,0.798,-9.094,76.904,-69.519,0,0
642,0.899,-0.402,0.813,-5.798,67.139,-80.872,0,0
643,0.904,-0.342,0.823,-7.385,58.105,-85.266,0,0
644,0.917,-0.301,0.842,-13.611,55.115,-85.205,0,0
645,0.956,-0.21,0.901,-27.1,54.016,-87.219,0,0
646,0.964,-0.216,0.928,-36.194,55.725,-90.21,0,0
647,0.938,-0.179,0.985,-41.809,57.129,-96.069,0,0
648,0.918,-0.154,1.018,-45.105,56.458,-102.417,0,0
649,0.905,-0.113,1.06,-50.232,52.49,-116.272,0,0
650,0.89,0.002,1.134,-56.458,46.57,-134.888,0,0
651,0.871,0.054,1.163,-61.829,37.964,-149.109,0,0
652,0.83,0.182,1.192,-64.514,24.658,-152.71,0,0
653,0.82,0.229,1.19,-65.552,14.282,-150.085,0,0
654,0.815,0.288,1.182,-65.552,-1.038,-143.25,0,0
655,0.831,0.357,1.146,-66.589,-10.681,-134.888,0,0
656,0.827,0.377,1.121,-68.176,-18.005,-129.333,0,0
657,0.814,0.372,1.09,-67.81,-21.606,-124.939,0,0
658,0.781,0.365,1.045,-64.514,-26.55,-119.629,0,0
659,0.757,0.357,1.031,-57.19,-32.471,-116.455,0,0
660,0.727,0.361,1.011,-46.875,-37.72,-113.831,0,0
661,0.713,0.371,0.991,-36.987,-43.03,-109.802,0,0
662,0.721,0.4,0.967,-33.508,-44.8,-106.689,0,0
663,0.741,0.429,0.956,-29.053,-44.983,-98.755,0,0
664,0.72,0.429,0.954,-26.001,-47.729,-86.731,0,0
665,0.706,0.426,0.965,-25.146,-52.063,-74.829,0,0
666,0.689,0.415,0.966,-24.414,-55.786,-67.444,0,0
667,0.681,0.413,0.961,-23.987,-62.134,-57.556,0,0
668,0.726,0.413,0.945,-23.865,-65.918,-48.523,0,0
669,0.758,0.412,0.936,-24.109,-66.772,-38.147,0,0
670,0.735,0.382,0.954,-19.165,-69.702,-29.602,0,0
671,0.719,0.358,0.96,-14.771,-74.89,-25.757,0,0
672,0.697,0.353,0.966,-4.944,-83.801,-23.315,0,0
673,0.673,0.386,0.95,3.052,-91.675,-21.301,0,0
674,0.687,0.407,0.928,4.578,-95.642,-15.076,0,0
675,0.689,0.459,0.87,0.732,-96.619,-7.996,0,0
676,0.685,0.446,0.846,-2.686,-95.215,-1.953,0,0
677,0.678,0.402,0.819,0.305,-92.407,3.845,0,0
678,0.681,0.3,0.758,11.108,-89.6,5.798,0,0
679,0.69,0.267,0.727,24.902,-86.06,4.761,0,0
680,0.703,0.257,0.705,32.166,-82.886,1.892,0,0
681,0.729,0.277,0.682,38.147,-77.332,-2.258,0,0
682,0.712,0.3,0.678,39.063,-71.655,-2.808,0,0
683,0.681,0.341,0.671,35.828,-67.932,3.357,0,0
684,0.668,0.354,0.661,32.043,-66.04,10.559,0,0
685,0.659,0.352,0.649,31.128,-64.697,13.733,0,0
686,0.641,0.331,0.61,33.997,-64.697,16.541,0,0
687,0.636,0.321,0.587,39.856,-66.528,17.395,0,0
688,0.615,0.321,0.535,46.387,-68.359,17.212,0,0
689,0.604,0.326,0.502,49.744,-69.031,17.7,0,0
690,0.602,0.342,0.468,52.063,-67.993,18.738,0,0
691,0.628,0.36,0.402,50.659,-63.232,22.705,0,1
692,0.629,0.36,0.377,47.729,-57.129,30.579,0,0
693,0.627,0.303,0.331,44.739,-50.964,39.429,0,0
694,0.625,0.274,0.308,42.908,-47.485,44.006,0,0
695,0.634,0.242,0.289,40.71,-40.71,47.058,0,0
696,0.649,0.197,0.267,38.818,-33.936,45.532,0,0
697,0.67,0.17,0.255,37.842,-27.1,42.725,0,0
698,0.681,0.137,0.248,39.246,-22.583,41.687,0,0
699,0.7,0.087,0.233,43.518,-15.686,39.429,0,0
700,0.702,0.069,0.231,47.302,-11.047,37.109,0,0
701,0.892,-0.07,0.502,-416.138,137.634,111.755,0,0
702,0.867,-0.008,0.485,-446.411,142.7,113.953,0,0
703,0.794,-0.049,0.467,-483.765,146.362,116.577,0,0
704,0.648,-0.27,0.489,-491.333,136.414,109.131,0,0
705,0.591,-0.439,0.52,-452.087,110.352,91.492,0,0
706,0.396,-0.948,0.629,-330.017,50.232,56.641,0,0
707,0.331,-1.186,0.672,-203.979,-3.601,28.687,0,0
708,0.282,-1.312,0.669,20.081,-94.971,-18.25,0,0
709,0.408,-1.172,0.505,238.281,-163.513,-59.265,0,0
710,0.493,-0.961,0.38,399.353,-199.585,-84.351,0,0
711,0.553,-0.743,0.252,467.346,-209.534,-92.285,0,0
712,0.608,-0.4,0.116,509.338,-211.304,-91.248,0,0
713,0.613,-0.264,0.078,498.84,-207.947,-82.642,0,0
714,0.685,-0.07,0.059,452.026,-195.496,-68.115,0,0
715,0.724,0.007,0.072,381.104,-174.072,-52.246,0,0
716,0.78,0.044,0.096,330.383,-152.527,-42.236,0,0
717,0.849,0.074,0.16,260.132,-111.328,-30.884,0,0
718,0.838,0.044,0.174,205.383,-67.749,-20.02,0,0
719,0.773,-0.046,0.22,169.312,-29.541,-5.493,0,0
720,0.717,-0.114,0.248,158.264,-12.451,4.578,0,0
721,0.677,-0.194,0.261,159.18,-0.305,15.808,0,0
722,0.625,-0.25,0.263,163.452,0.916,22.095,0,0
723,0.607,-0.256,0.26,162.964,-3.54,24.231,0,0
724,0.599,-0.255,0.265,157.532,-5.31,21.912,0,0
725,0.603,-0.251,0.259,152.405,-1.953,17.7,0,0
726,0.611,-0.245,0.253,142.639,9.216,9.399,0,0
727,0.658,-0.245,0.258,133.911,24.841,3.906,0,0
728,0.65,-0.236,0.262,124.634,37.781,1.465,0,0
729,0.657,-0.232,0.295,113.647,43.396,0.977,0,0
730,0.667,-0.23,0.313,105.103,45.166,0.854,0,0
731,0.685,-0.248,0.33,95.703,46.814,0.061,0,0
732,0.761,-0.281,0.361,89.783,51.514,-2.686,0,0
733,0.801,-0.289,0.371,86.67,62.744,-7.385,0,0
734,0.825,-0.286,0.377,84.9,70.74,-9.338,0,0
735,0.853,-0.305,0.397,83.557,81.299,-8.118,0,0
736,0.868,-0.307,0.424,80.75,90.698,-3.357,0,0
737,0.927,-0.355,0.508,80.444,104.614,4.761,0,0
738,0.952,-0.371,0.575,75.806,121.399,11.536,0,0
739,0.962,-0.388,0.653,69.031,129.211,14.709,0,0
740,0.91,-0.375,0.8,46.082,129.333,16.113,0,0
741,0.903,-0.386,0.854,17.09,119.69,14.038,0,0
742,0.879,-0.407,0.906,-10.376,103.455,9.033,0,0
743,0.872,-0.439,0.907,-24.597,92.163,3.723,0,0
744,0.858,-0.465,0.889,-36.194,78.491,-7.08,0,0
745,0.899,-0.46,0.841,-38.757,70.862,-22.644,0,0
746,0.908,-0.433,0.819,-40.344,67.383,-39.551,0,0
747,0.883,-0.355,0.794,-45.776,66.04,-53.528,0,0
748,0.848,-0.321,0.783,-51.453,64.88,-59.937,0,0
749,0.821,-0.29,0.781,-62.134,63.904,-68.97,0,0
750,0.831,-0.217,0.797,-70.984,63.965,-81.055,0,0
751,0.859,-0.179,0.812,-74.829,65.002,-97.534,0,0
752,0.865,-0.127,0.834,-74.28,63.904,-109.619,0,0
753,0.875,-0.031,0.875,-69.153,61.646,-126.831,0,0
754,0.854,0.04,0.899,-63.477,57.739,-139.587,0,0
755,0.817,0.168,0.945,-61.829,53.284,-147.949,0,0
756,0.819,0.24,0.973,-64.575,51.758,-152.588,0,0
757,0.813,0.278,0.998,-65.613,51.575,-152.466,0,0
758,0.751,0.279,1.036,-64.087,49.011,-148.01,0,0
759,0.74,0.282,1.052,-59.753,43.579,-143.25,0,0
760,0.742,0.26,1.093,-55.115,34.668,-136.047,0,0
761,0.774,0.251,1.108,-51.636,25.208,-127.197,0,0
762,0.796,0.238,1.121,-50.659,18.921,-121.216,0,0
763,0.824,0.23,1.136,-49.561,8.606,-114.38,0,0
764,0.827,0.219,1.137,-47.974,-5.676,-108.582,0,0
765,0.828,0.213,1.124,-46.204,-23.132,-102.112,0,0
766,0.832,0.221,1.108,-45.837,-34.119,-98.328,0,0
767,0.843,0.242,1.095,-45.959,-46.387,-92.59,0,0
768,0.846,0.268,1.07,-46.448,-55.42,-83.069,0,0
769,0.816,0.287,1.052,-48.584,-64.88,-72.693,0,0
770,0.79,0.307,1.007,-48.584,-74.28,-64.88,0,0
771,0.779,0.322,0.985,-46.509,-79.346,-61.279,0,0
772,0.797,0.34,0.962,-40.466,-85.754,-55.115,0,0
773,0.799,0.36,0.947,-34.851,-87.891,-42.175,0,0
774,0.798,0.381,0.942,-31.677,-89.294,-33.508,0,0
775,0.8,0.364,0.939,-28.442,-91.187,-30.823,0,0
776,0.788,0.361,0.936,-22.339,-94.971,-26.306,0,0
777,0.788,0.369,0.936,-16.296,-99.243,-21.667,0,0
778,0.763,0.383,0.923,-11.475,-105.591,-17.517,0,0
779,0.753,0.388,0.901,-7.568,-111.267,-12.329,0,0
780,0.741,0.397,0.886,-5.615,-112.732,-8.24,0,0
781,0.708,0.384,0.853,-1.16,-113.525,-2.991,0,0
782,0.686,0.385,0.823,4.028,-114.685,-1.343,0,0
783,0.687,0.373,0.748,11.292,-115.601,-1.404,0,0
784,0.691,0.369,0.713,16.418,-114.868,1.038,0,0
785,0.699,0.375,0.681,20.935,-109.68,6.958,0,0
786,0.704,0.383,0.626,20.752,-99.365,15.991,0,0
787,0.72,0.384,0.592,16.113,-87.891,27.893,0,0
788,0.732,0.37,0.544,9.216,-77.759,41.87,0,0
789,0.736,0.353,0.529,5.371,-71.167,51.331,0,0
790,0.733,0.333,0.518,0.793,-60.974,64.575,0,1
791,0.698,0.272,0.505,-3.418,-52.307,76.66,0,0
792,0.675,0.25,0.506,-7.202,-49.133,84.595,0,0
793,0.63,0.152,0.519,-7.202,-52.795,87.097,0,0
794,0.62,0.098,0.51,-2.93,-57.495,85.022,0,0
795,0.601,0.048,0.497,7.935,-66.223,79.407,0,0
796,0.594,-0.04,0.45,22.705,-74.89,71.106,0,0
797,0.608,-0.063,0.414,35.278,-80.017,61.401,0,0
798,0.619,-0.076,0.375,40.894,-81.055,54.443,0,0
799,0.656,-0.108,0.307,45.898,-78.491,45.837,0,0
800,0.68,-0.116,0.278,46.631,-71.411,39.673,0,0
801,0.679,-0.184,0.695,-349.792,201.233,-28.076,0,0
802,0.634,-0.244,0.806,-356.995,166.321,-34.058,0,0
803,0.646,-0.317,0.882,-348.328,109.68,-46.448,0,0
804,0.735,-0.347,0.962,-325.928,66.406,-55.603,0,0
805,0.747,-0.344,0.971,-296.326,39.063,-52.185,0,0
806,0.752,-0.289,0.991,-259.705,18.677,-37.109,0,0
807,0.733,-0.289,0.972,-233.337,3.845,-23.376,0,0
808,0.701,-0.296,0.955,-186.584,-23.193,-3.052,0,0
809,0.638,-0.339,0.9,-130.066,-53.345,11.963,0,0
810,0.623,-0.36,0.873,-65.247,-82.764,18.25,0,0
811,0.643,-0.388,0.83,-14.893,-100.403,15.808,0,0
812,0.655,-0.505,0.703,76.111,-129.333,6.47,0,0
813,0.646,-0.524,0.646,177.917,-156.494,-7.202,0,0
814,0.634,-0.511,0.482,279.053,-179.626,-20.386,0,0
815,0.612,-0.469,0.375,366.943,-196.838,-30.029,0,0
816,0.606,-0.378,0.265,409.241,-201.965,-34.302,0,0
817,0.675,-0.182,0.103,442.749,-197.754,-32.349,0,0
818,0.741,-0.074,0.058,435.852,-178.833,-21.545,0,0
819,0.84,0.082,0.027,399.292,-145.996,-7.08,0,0
820,0.852,0.088,0.024,369.934,-118.103,3.174,0,0
821,0.845,0.09,0.026,326.904,-74.585,18.188,0,0
822,0.745,-0.006,0.047,294.861,-38.513,29.48,0,0
823,0.701,-0.057,0.063,270.935,-11.902,40.955,0,0
824,0.628,-0.132,0.131,245.483,8.545,54.565,0,0
825,0.594,-0.168,0.167,226.44,18.005,62.256,0,0
826,0.564,-0.201,0.202,195.068,26.184,70.007,0,0
827,0.5,-0.309,0.247,168.03,27.649,73.181,0,0
828,0.479,-0.345,0.257,145.386,28.32,70.496,0,0
829,0.482,-0.371,0.262,134.583,30.151,65.186,0,0
830,0.526,-0.443,0.266,126.282,37.842,51.819,0,0
831,0.563,-0.479,0.269,122.681,51.697,36.682,0,0
832,0.612,-0.464,0.289,115.784,70.313,21.667,0,0
833,0.616,-0.446,0.309,101.196,85.327,10.132,0,0
834,0.596,-0.442,0.342,89.05,91.797,5.798,0,0
835,0.6,-0.469,0.405,72.51,97.351,2.319,0,0
836,0.636,-0.474,0.437,57.495,101.99,-0.549,0,0
837,0.712,-0.476,0.483,43.579,109.497,-5.92,0,0
838,0.725,-0.47,0.506,28.931,118.225,-11.78,0,0
839,0.726,-0.478,0.536,19.775,122.803,-14.343,0,0
840,0.708,-0.484,0.614,6.897,126.099,-15.93,0,0
841,0.734,-0.465,0.65,-4.089,126.587,-20.386,0,0
842,0.766,-0.446,0.712,-12.878,123.23,-26.062,0,0
843,0.795,-0.432,0.744,-18.433,120.056,-29.846,0,0
844,0.818,-0.423,0.783,-24.78,114.319,-34.119,0,0
845,0.871,-0.398,0.796,-33.386,113.647,-36.072,0,0
846,0.893,-0.379,0.805,-44.739,120.85,-37.354,0,0
847,0.925,-0.385,0.832,-56.03,130.554,-40.1,0,0
848,0.961,-0.354,0.872,-61.035,138.672,-46.143,0,0
849,0.974,-0.339,0.914,-65.308,145.386,-59.57,0,0
850,0.906,-0.313,1.009,-67.566,140.015,-72.632,0,0
851,0.891,-0.284,1.054,-70.313,128.906,-85.388,0,0
852,0.877,-0.267,1.09,-70.984,121.582,-94.116,0,0
853,0.871,-0.183,1.174,-67.749,110.718,-109.68,0,0
854,0.858,-0.139,1.216,-57.983,93.262,-125.977,0,0
855,0.877,-0.005,1.291,-47.668,72.998,-135.986,0,0
856,0.896,0.084,1.305,-44.25,52.979,-138.611,0,0
857,0.899,0.152,1.3,-45.898,41.077,-135.803,0,0
858,0.872,0.24,1.267,-51.208,26.062,-125.732,0,0
859,0.857,0.239,1.237,-55.42,17.456,-111.511,0,0
860,0.795,0.192,1.158,-58.167,11.78,-99.365,0,0
861,0.748,0.142,1.118,-58.228,7.507,-94.299,0,0
862,0.702,0.087,1.084,-53.101,0.671,-92.163,0,0
863,0.641,0.004,1.038,-41.748,-4.883,-95.093,0,0
864,0.617,-0.015,1.018,-30.396,-9.46,-99.304,0,0
865,0.577,-0.016,0.973,-23.01,-15.564,-101.318,0,0
866,0.598,0.002,0.953,-20.386,-18.799,-101.99,0,0
867,0.621,0.011,0.941,-18.738,-20.142,-99.915,0,0
868,0.657,0.056,0.938,-19.348,-17.273,-95.52,0,0
869,0.657,0.066,0.949,-21.545,-14.282,-88.013,0,0
870,0.624,0.077,0.99,-23.56,-17.944,-81.177,0,0
871,0.604,0.084,1.017,-25.33,-24.109,-77.698,0,0
872,0.591,0.082,1.036,-24.536,-37.354,-73.792,0,0
873,0.58,0.076,1.047,-20.142,-50.964,-70.068,0,0
874,0.588,0.086,1.044,-15.503,-60.425,-66.162,0,0
875,0.594,0.103,1.039,-13.855,-65.735,-63.782,0,0
876,0.608,0.156,1.01,-13.55,-71.289,-60.12,0,0
877,0.621,0.18,1.004,-15.015,-73.73,-52.185,0,0
878,0.591,0.236,0.981,-17.883,-77.759,-43.396,0,0
879,0.607,0.25,0.971,-20.813,-83.618,-37.476,0,0
880,0.623,0.26,0.962,-21.301,-86.548,-34.546,0,0
881,0.63,0.265,0.943,-16.663,-89.966,-30.273,0,0
882,0.643,0.263,0.933,-7.507,-92.651,-25.452,0,0
883,0.656,0.288,0.908,-1.038,-94.971,-19.531,0,0
884,0.654,0.293,0.898,0.488,-95.215,-14.343,0,0
885,0.661,0.295,0.887,-0.671,-93.079,-6.836,0,0
886,0.648,0.262,0.858,-3.052,-90.393,-0.122,0,0
887,0.629,0.229,0.834,-3.967,-91.125,4.333,0,0
888,0.601,0.15,0.764,-1.282,-93.689,5.981,0,0
889,0.597,0.122,0.72,1.282,-94.482,5.005,0,1
890,0.592,0.092,0.677,5.371,-93.567,1.831,0,0
891,0.59,0.028,0.584,10.681,-91.309,-3.357,0,0
892,0.594,0.006,0.541,17.212,-86.609,-11.047,0,0
893,0.599,0.008,0.505,21.423,-82.642,-17.395,0,0
894,0.596,0.013,0.457,27.283,-76.599,-25.757,0,0
895,0.611,0.044,0.435,30.151,-69.58,-32.959,0,0
896,0.656,0.106,0.395,29.663,-61.462,-36.804,0,0
897,0.683,0.14,0.381,27.527,-51.636,-37.354,0,0
898,0.702,0.16,0.37,27.649,-46.265,-35.217,0,0
899,0.727,0.204,0.359,30.579,-40.466,-29.785,0,0
900,0.75,0.231,0.345,33.386,-35.339,-24.231,0,0
901,0.925,0.428,0.425,66.772,-72.449,-209.961,0,0
902,0.945,0.579,0.42,59.326,-78.125,-233.093,0,0
903,1.023,0.963,0.404,19.287,-71.106,-256.165,0,0
904,1.05,1.189,0.419,-65.063,-39.978,-238.037,0,0
905,1.265,1.685,0.495,-197.876,13.0,-159.729,0,0
906,1.229,1.835,0.488,-309.448,50.415,-76.416,0,0
907,1.115,1.756,0.502,-473.145,88.806,79.59,0,0
908,0.771,1.396,0.598,-597.778,95.276,225.464,0,0
909,0.49,0.993,0.678,-653.931,27.649,313.538,0,0
910,0.359,0.359,0.618,-675.964,-54.199,340.332,0,0
911,0.338,0.112,0.521,-683.289,-105.591,336.304,0,0
912,0.306,-0.142,0.375,-663.513,-169.189,303.528,0,0
913,0.27,-0.576,0.24,-576.416,-219.543,251.587,0,0
914,0.15,-1.166,0.172,-316.772,-282.349,171.997,0,0
915,0.16,-1.677,0.112,-110.168,-300.72,123.169,0,0
916,0.228,-1.527,-0.223,165.161,-302.49,61.279,0,0
917,0.359,-1.306,-0.436,369.934,-269.043,12.878,0,0
918,0.423,-0.731,-0.515,454.956,-216.553,-22.888,0,0
919,0.448,-0.532,-0.48,454.59,-173.096,-53.345,0,0
920,0.424,-0.37,-0.451,431.396,-145.813,-59.814,0,0
921,0.406,-0.218,-0.357,378.052,-114.99,-58.105,0,0
922,0.391,-0.207,-0.27,316.772,-90.881,-45.715,0,0
923,0.414,-0.261,-0.169,262.39,-71.411,-29.968,0,0
924,0.433,-0.303,-0.139,234.619,-59.998,-19.653,0,0
925,0.464,-0.326,-0.118,206.055,-41.565,-6.042,0,0
926,0.534,-0.409,-0.087,192.627,-22.034,7.446,0,0
927,0.558,-0.455,-0.068,195.435,-3.906,14.771,0,0
928,0.557,-0.517,-0.051,208.618,11.658,14.648,0,0
929,0.566,-0.511,-0.035,216.492,22.095,11.169,0,0
930,0.57,-0.503,-0.006,224.365,34.302,1.282,0,0
931,0.557,-0.48,0.074,224.182,42.114,-11.963,0,0
932,0.579,-0.456,0.12,216.614,48.828,-25.94,0,0
933,0.609,-0.424,0.17,209.29,54.504,-33.875,0,0
934,0.651,-0.367,0.238,196.35,63.354,-41.077,0,0
935,0.66,-0.333,0.269,181.03,70.74,-43.701,0,0
936,0.635,-0.292,0.325,164.246,75.073,-41.138,0,0
937,0.613,-0.289,0.344,148.315,74.28,-33.264,0,0
938,0.578,-0.298,0.384,137.756,68.848,-29.175,0,0
939,0.747,-0.306,0.455,123.169,62.744,-30.884,0,0
940,0.812,-0.307,0.486,108.948,63.66,-31.311,0,0
941,0.974,-0.315,0.573,93.994,77.087,-24.658,0,0
942,0.986,-0.327,0.643,76.721,91.309,-10.01,0,0
943,0.984,-0.336,0.695,59.937,97.961,2.38,0,0
944,0.996,-0.366,0.761,28.32,104.065,18.799,0,0
945,1.028,-0.396,0.78,-3.052,106.445,24.048,0,0
946,1.033,-0.49,0.825,-29.541,100.464,21.912,0,0
947,1.032,-0.539,0.849,-42.908,93.201,17.517,0,0
948,1.023,-0.577,0.851,-56.519,81.604,7.141,0,0
949,1.022,-0.623,0.828,-62.927,75.195,-7.202,0,0
950,1.057,-0.626,0.825,-61.096,75.623,-28.564,0,0
951,1.113,-0.566,0.825,-55.847,78.186,-56.885,0,0
952,1.132,-0.504,0.839,-52.185,80.139,-75.806,0,0
953,1.139,-0.433,0.87,-47.729,79.712,-98.572,0,0
954,1.08,-0.267,0.93,-50.659,72.998,-113.77,0,0
955,1.068,-0.198,0.95,-59.265,64.331,-122.62,0,0
956,1.053,-0.151,0.967,-65.43,58.228,-124.084,0,0
957,1.014,-0.06,0.988,-72.449,50.232,-123.474,0,0
958,1.012,-0.004,0.994,-76.66,44.312,-124.817,0,0
959,0.953,0.05,0.99,-77.454,37.231,-122.864,0,0
960,0.929,0.063,0.983,-79.529,32.41,-116.333,0,0
961,0.896,0.067,0.981,-84.106,30.273,-109.802,0,0
962,0.801,0.013,0.964,-95.154,28.809,-100.342,0,0
963,0.764,-0.053,0.943,-104.309,29.114,-96.497,0,0
964,0.743,-0.176,0.941,-100.281,30.151,-104.248,0,0
965,0.742,-0.205,0.967,-88.562,28.198,-115.784,0,0
966,0.748,-0.192,0.997,-62.805,19.47,-135.559,0,0
967,0.704,-0.102,1.046,-38.025,0.0,-145.996,0,0
968,0.708,-0.014,1.072,-25.024,-23.193,-143.799,0,0
969,0.785,0.16,1.097,-24.902,-42.969,-132.019,0,0
970,0.833,0.24,1.082,-29.846,-51.575,-121.033,0,0
971,0.865,0.287,1.06,-40.039,-58.777,-100.891,0,0
972,0.896,0.305,1.018,-46.448,-62.439,-79.407,0,0
973,0.906,0.305,1.005,-48.95,-63.904,-61.707,0,0
974,0.885,0.261,1.006,-44.739,-67.078,-48.523,0,0
975,0.866,0.233,1.004,-37.903,-72.266,-41.26,0,0
976,0.844,0.216,1.004,-27.344,-84.534,-31.494,0,0
977,0.835,0.188,0.973,-20.935,-96.252,-24.292,0,0
978,0.845,0.17,0.964,-17.395,-99.426,-20.203,0,0
979,0.842,0.153,0.959,-14.893,-97.656,-17.578,0,0
980,0.789,0.148,0.934,-11.292,-94.604,-12.573,0,0
981,0.762,0.155,0.907,-7.629,-92.712,-6.104,0,0
982,0.708,0.15,0.86,-0.183,-92.163,-1.77,0,0
983,0.677,0.159,0.849,8.301,-97.412,-1.16,0,0
984,0.652,0.168,0.835,12.573,-103.455,-2.258,0,0
985,0.621,0.215,0.799,13.855,-113.098,-2.686,0,0
986,0.627,0.222,0.767,13.306,-120.3,0.183,0,0
987,0.652,0.215,0.682,13.306,-122.253,6.409,0,0
988,0.668,0.204,0.63,13.977,-120.361,11.475,0,1
989,0.676,0.202,0.588,15.198,-113.953,18.188,0,0
990,0.687,0.177,0.509,17.578,-106.567,21.301,0,0
991,0.694,0.153,0.472,22.278,-99.609,24.353,0,0
992,0.702,0.119,0.397,27.405,-93.567,28.32,0,0
993,0.699,0.105,0.366,29.785,-88.989,31.86,0,0
994,0.698,0.098,0.346,33.203,-81.97,34.851,0,0
995,0.683,0.045,0.307,37.17,-75.562,38.879,0,0
996,0.68,0.031,0.285,39.673,-71.167,41.016,0,0
997,0.698,-0.0,0.262,40.771,-67.932,41.443,0,0
998,0.715,-0.048,0.217,41.504,-61.035,42.053,0,0
999,0.72,-0.068,0.204,40.833,-52.124,41.321,0,0
1000,0.713,-0.112,0.187,39.429,-43.335,39.856,0,0
1001,1.31,0.668,0.314,-414.612,276.123,184.814,0,0
1002,0.942,0.399,0.371,-518.311,317.078,217.041,0,0
1003,0.778,0.172,0.377,-557.922,318.97,222.961,0,0
1004,0.677,0.021,0.375,-590.027,301.697,216.858,0,0
1005,0.48,-0.387,0.404,-578.186,261.78,188.599,0,0
1006,0.397,-0.566,0.504,-507.385,193.298,141.357,0,0
1007,0.159,-1.203,0.696,-351.868,88.318,83.557,0,0
1008,0.174,-1.205,0.796,-233.826,12.085,45.593,0,0
1009,0.197,-1.287,0.771,-32.043,-99.06,-4.272,0,0
1010,0.293,-0.998,0.555,145.142,-177.917,-31.494,0,0
1011,0.414,-0.758,0.427,254.028,-219.177,-42.664,0,0
1012,0.498,-0.569,0.311,290.771,-231.567,-43.518,0,0
1013,0.483,-0.374,0.187,318.237,-241.577,-36.926,0,0
1014,0.443,-0.358,0.133,329.834,-249.756,-23.193,0,0
1015,0.444,-0.33,0.057,327.82,-254.333,-7.629,0,0
1016,0.472,-0.348,0.025,319.763,-250.916,3.723,0,0
1017,0.492,-0.381,-0.008,314.514,-240.234,7.324,0,0
1018,0.574,-0.426,-0.063,309.326,-214.172,5.493,0,0
1019,0.597,-0.46,-0.086,305.481,-175.72,-0.305,0,0
1020,0.62,-0.468,-0.077,294.312,-131.287,-2.747,0,0
1021,0.6,-0.476,-0.052,273.376,-85.571,2.136,0,0
1022,0.568,-0.465,-0.018,250.122,-58.289,7.751,0,0
1023,0.535,-0.491,0.06,210.632,-27.1,13.428,0,0
1024,0.528,-0.517,0.09,173.035,-1.465,14.954,0,0
1025,0.5,-0.628,0.154,152.1,19.775,9.827,0,0
1026,0.479,-0.686,0.19,150.696,31.799,4.15,0,0
1027,0.461,-0.707,0.224,154.358,44.922,-6.592,0,0
1028,0.459,-0.664,0.298,156.25,49.805,-18.799,0,0
1029,0.496,-0.616,0.325,145.264,54.382,-28.442,0,0
1030,0.601,-0.583,0.363,130.371,61.89,-34.729,0,0
1031,0.642,-0.573,0.382,119.69,67.444,-39.856,0,0
1032,0.691,-0.564,0.413,104.431,82.52,-43.274,0,0
1033,0.754,-0.51,0.488,91.187,96.436,-44.922,0,0
1034,0.789,-0.472,0.529,73.975,107.361,-41.87,0,0
1035,0.821,-0.461,0.565,61.401,113.892,-36.072,0,0
1036,0.847,-0.46,0.6,39.856,121.765,-22.034,0,0
1037,0.859,-0.477,0.618,17.822,128.052,-7.141,0,0
1038,0.916,-0.526,0.649,-2.075,132.996,-1.77,0,0
1039,0.927,-0.566,0.653,-13.428,138.489,-6.836,0,0
1040,0.933,-0.616,0.655,-14.587,142.395,-14.465,0,0
1041,0.95,-0.68,0.732,-7.751,150.757,-30.579,0,0
1042,0.942,-0.66,0.792,0.61,159.485,-50.903,0,0
1043,0.918,-0.559,0.987,2.136,159.607,-71.716,0,0
1044,0.875,-0.495,1.087,-3.845,149.292,-82.458,0,0
1045,0.845,-0.456,1.139,-18.555,123.901,-91.431,0,0
1046,0.812,-0.434,1.177,-30.64,99.182,-92.59,0,0
1047,0.819,-0.434,1.159,-39.063,81.36,-95.825,0,0
1048,0.855,-0.42,1.109,-43.091,73.364,-105.53,0,0
1049,0.853,-0.393,1.092,-43.579,71.289,-115.112,0,0
1050,0.849,-0.32,1.083,-41.443,66.223,-132.629,0,0
1051,0.812,-0.207,1.095,-35.583,54.443,-143.066,0,0
1052,0.78,-0.149,1.098,-30.762,37.598,-142.029,0,0
1053,0.751,-0.084,1.065,-30.884,21.057,-134.583,0,0
1054,0.758,-0.052,1.025,-35.889,15.198,-130.127,0,0
1055,0.765,-0.036,1.004,-43.518,14.709,-127.625,0,0
1056,0.78,0.019,0.989,-43.579,17.212,-130.981,0,0
1057,0.769,0.046,0.977,-37.17,16.541,-133.24,0,0
1058,0.744,0.065,0.967,-30.334,12.878,-131.042,0,0
1059,0.687,0.087,0.94,-23.071,1.831,-121.338,0,0
1060,0.671,0.107,0.929,-22.339,-15.198,-111.023,0,0
1061,0.673,0.133,0.893,-28.076,-30.457,-104.004,0,0
1062,0.687,0.13,0.884,-35.95,-36.987,-97.412,0,0
1063,0.694,0.116,0.879,-37.231,-36.926,-92.834,0,0
1064,0.71,0.069,0.899,-31.128,-34.912,-88.013,0,0
1065,0.726,0.072,0.932,-16.541,-30.273,-86.182,0,0
1066,0.729,0.133,1.032,-3.235,-24.048,-82.764,0,0
1067,0.722,0.193,1.113,1.038,-21.851,-78.796,0,0
1068,0.678,0.263,1.186,-6.409,-28.137,-69.031,0,0
1069,0.635,0.328,1.255,-19.653,-42.114,-56.58,0,0
1070,0.608,0.318,1.251,-26.245,-63.049,-44.739,0,0
1071,0.644,0.298,1.224,-19.958,-84.229,-39.978,0,0
1072,0.687,0.301,1.2,-11.108,-94.666,-38.33,0,0
1073,0.719,0.326,1.167,1.404,-105.225,-34.058,0,0
1074,0.739,0.389,1.093,5.615,-111.145,-24.048,0,0
1075,0.746,0.405,1.052,2.686,-114.014,-10.071,0,0
1076,0.745,0.406,1.015,-0.061,-114.624,-0.122,0,0
1077,0.729,0.377,0.939,-3.784,-116.15,12.634,0,0
1078,0.722,0.332,0.91,-0.916,-118.835,21.179,0,0
1079,0.711,0.251,0.849,7.446,-120.178,24.963,0,0
1080,0.704,0.223,0.813,15.015,-119.934,24.048,0,0
1081,0.703,0.216,0.78,18.799,-118.103,21.912,0,0
1082,0.674,0.188,0.72,24.231,-114.746,19.531,0,0
1083,0.661,0.174,0.688,28.992,-112.122,18.799,0,0
1084,0.651,0.113,0.62,34.973,-110.168,19.653,0,0
1085,0.662,0.097,0.591,39.429,-105.164,21.423,0,0
1086,0.666,0.084,0.566,40.833,-99.854,21.79,0,0
1087,0.674,0.065,0.541,40.344,-91.553,20.508,0,1
1088,0.67,0.056,0.532,36.804,-84.29,19.043,0,0
1089,0.661,0.023,0.515,33.447,-78.308,18.005,0,0
1090,0.659,0.004,0.5,35.278,-76.416,16.846,0,0
1091,0.653,-0.002,0.482,41.26,-75.745,14.709,0,0
1092,0.658,-0.012,0.435,49.133,-77.759,12.451,0,0
1093,0.662,-0.007,0.41,54.077,-78.43,10.681,0,0
1094,0.695,0.002,0.359,53.345,-75.012,11.475,0,0
1095,0.708,0.006,0.337,50.354,-71.045,12.573,0,0
1096,0.713,-0.004,0.315,44.25,-64.514,16.052,0,0
1097,0.704,-0.036,0.269,39.795,-59.204,19.165,0,0
1098,0.709,-0.057,0.25,40.222,-54.504,19.958,0,0
1099,0.706,-0.068,0.226,41.504,-51.27,18.86,0,0
1100,0.715,-0.079,0.176,42.786,-46.753,17.639,0,0
1101,0.485,0.009,0.009,-364.868,-50.232,204.285,0,0
